{"KICK_X2": 11, "love__bite": 38, "yokai.babe": 175, "urs.mahira": 3, "king__27": 1, "mr_jack_killer7k": 8, "iRuivinha": 2, "poison______": 8, "itz._Sanki._": 30, "_Akshu._": 1, "LALA.32": 37, "Ironfiest": 15, "VIP._.Ay1": 1, "gannu__25": 123, "J.popo": 23, "iYunaRr": 24, "lucifer_x_": 1, "_.yuriii._": 29, "Aaadddiiiii": 4, "ritik1432": 8, "beatrix.bby": 1, "Sanchu_001": 11, "jutsui": 1, "Roof_sceticism": 1, "Im_madara": 5, "_LEGENDBULL_": 10, "Jigar18": 62, "1b10": 1, "kunal_1234567": 2, "labheshhhh": 2, "rehan87": 1, "___PAYAL__": 2, "__SCARFACE___": 2, "Harxxh_": 7, "Rohit_000": 1, "spy__x": 8, "mr_wayne": 1, "Baby_boo80": 1, "Harish_001": 1, "ACKERMAN08": 1, "SominVr": 2, "NV4_DT": 2, "Radha244": 1, "itz_VenoM_": 2, "PALLI_": 8, "tra83": 1, "harshiid": 86, "its__jot2": 3, "kayra113": 5, "Spideyy04": 8, "___Musku___": 2, "Youknowme_18": 5, "Shinigami_souls": 55, "Nitin_Rathod": 1, "adnan._q1": 1, "_Anamika_04": 1, "tanu_0": 3, "Reza1888": 1, "Aki.miu": 1, "prem___1": 1, "Zenitsu._.17": 2, "_PARADOX_0.1": 2, "kokopastel13": 1, "jiminsha3": 4, "aa_ku_": 8, "meispure": 3, "jisoo_______kim": 8, "shezui": 5, "nad_boy_": 4, "Sanvee77": 2, "Troxic": 82, "VISHWA_77": 3, "Rohit_king": 1, "kf_999": 1, "niharika_gurjar341": 36, "_winter.bear": 1, "Brownish_sugar": 1, "Tadow___": 3, "Itz_Manish_": 23, "Sher_hi_kehde": 10, "skelove._.ton": 1, "Taniya_chy": 3, "its.__A": 2, "itsdevilqueen": 1, "Losser_7": 1, "luck60": 7, "wildmiongg": 2, "___ITZ.KARAN_": 2, "kingfriends": 62, "Ellla_joy": 146, "Choko_Boy_Raj": 78, "BLACKBERRIES___": 55, "jisoo_kim_522": 28, "CARRY.0": 11, "DJ._.ZAMPA": 121, "Inshra__XoXo": 195, "D_O_R_E_M_O_N_1": 75, "_.Pichu._": 2, "ily62": 4, "x_BROKEN_AFK_145": 89, "VIOLET._.XO": 152, "moon656753": 42, "Ily_ant1": 22, "vaishnavi35": 1, "cute_as_duckiee": 122, "falak233": 7, "its_me_riya__hm": 26, "Stillalive.ankitt_": 165, "Abhi__00": 2, "coochiwaves48": 1, "Vineet2": 11, "pink_venom_33": 7, "itss_kendall": 9, "Daylight_sun": 5, "miss_sona10": 13, "xminie": 2, "attitudelife": 27, "hunter_09_": 4, "theV816": 5, "y_ikes": 1, "Riya_091": 1, "Raaj_30": 5, "RZ__Risa": 8, "veiyuka": 1, "Pritam__": 22, "pretty_sky_": 4, "crazy_girl86": 59, "deepakmahto": 6, "Ujeen00": 118, "R4EES_": 185, "Bugggu": 6, "Y0.H": 34, "Riddhuu": 6, "NARU_001": 18, "_neongirl": 1, "varun_47": 3, "SpondaicIrk": 1, "SCHIZO2": 2, "kitkat_._": 16, "MOON__XO": 99, "_.Shinchan._": 10, "BUMBLEBEE_____": 5, "Ka_zu_ko._": 22, "sirii___": 5, "sassyanu": 3, "queen_of_love3": 10, "unive2": 185, "Ameliaa______": 58, "___Alisha___": 7, "Zoiiiii__": 65, "Prince_of_Hearts": 20, "RUDR4_": 9, "Anmol73": 19, "ay.ish.a": 1, "KAWAII._.BILAI": 37, "_1Ashley.__": 195, "jerry_u": 1, "IsomerVestigial": 1, "Madhuuuuu_": 5, "JungleDoorjamb": 1, "krishna623": 4, "Jaskaran4": 2, "DreidosAngel": 1, "BLUEBERRIES__": 103, "BABY_KARMA_": 17, "ALiEnBaWA": 1, "candy__7": 46, "vermaji000": 1, "Its.Aladdin007": 22, "Ace245u": 154, "Ru._.bY": 1, "_Mickey_mouse_2": 11, "Amit011": 25, "harry093": 1, "_LIL_Zi_": 14, "__R4J__": 5, "KrazyAizen": 2, "sassy_chipotle": 1, "Daizy__x": 11, "XxHottyboyxX": 1, "_Nezuko_chanVV": 8, "AYANKOJI__": 1, "NEZUKO_0o0": 10, "miss_pathan": 39, "Manzelle_Cocoo": 2, "Moon_541": 1, "captain117": 1, "selfprovoked": 3, "animelover_125": 1, "Sigma_Boy__": 6, "Avi_nash_": 44, "_devil_boy_v": 39, "NIGHT_WOLFx": 2, "iDollyz": 1, "_Nayan_": 5, "pokoyo._": 2, "__ZAIN__1": 14, "ITS_ALTAF_OXI": 1, "H.5D": 1, "kapilchauhan1": 1, "dhavall_0901": 3, "billish1356": 1, "kunal_rana": 2, "mousavi_12": 1, "SINISTER9": 1, "Shreyansh.sahu": 6, "AnKiT_JaaT": 6, "Bunn1eNo.1": 1, "__.stranger": 2, "Noob_hu_me": 1, "VIPDIYU": 1, "cute_boy84": 4, "Lizaax._": 1, "FallerCrochet": 1, "Arsh_024": 1, "flOowerrrr": 2, "Xo_.KING._oX": 5, "Zero81x": 1, "sush26": 2, "Aaroh.s": 10, "lozer912": 1, "Kajal38": 20, "cute_boy_20": 1, "larajoymucke": 1, "_.Kittyy__": 6, "itz_Yotika": 17, "roshnu00143": 18, "Sara__1724": 2, "MINIo_o": 1, "Fotty._.Seven": 2, "Max_kash_": 1, "sarvar_": 1, "adelia56": 1, "Massom_Chora": 10, "niger_18": 1, "spider.women_": 1, "nikku__96": 5, "justien4": 1, "Venom5406": 1, "aj_is_infinite": 3, "JailLook": 14, "Ghost_sql": 2, "isha_asthic": 1, "Ganexh_": 31, "FARAZ_": 1, "Deep_0002": 4, "simple._boy": 3, "light.princess": 59, "xiler.emily": 2, "itx_cute_munda": 9, "Chai_wala_": 6, "broken_ak": 5, "_.aayu._": 22, "mia_2025_": 8, "moksh101": 5, "iPurpa": 1, "ft.mikey": 1, "icon_animalover": 12, "X_HEER_X": 2, "BL00D_.R0SE": 8, "ultimateglitch": 1, "XD_P4ND4": 1, "moon_1167": 9, "_stylishina": 3, "PRANIKA__": 46, "_lia_lia___": 13, "maxieee4": 133, "_Mortal__": 16, "Devil_s_World___": 22, "almightypu": 1, "Tao_Tao_Tubaaa": 1, "ZazzySussy": 16, "Moonlight_512": 5, "BE4STY_XO": 98, "Sahil_SK_Hope": 3, "priya20098": 13, "kingmaker_": 15, "Angela123424": 13, "Dip1234": 14, "Santanurizz": 1, "udi12": 1, "xyz.INNOCENT": 48, "kitty_12349": 6, "pasang_gurung2": 12, "itzz_sunshine": 11, "Dipesh_2": 10, "Mr._Lucky_Rider": 3, "scarxi": 1, "iam_jisoo": 11, "Queen_yumiko_": 6, "_HR_USER_": 66, "loyalladka": 4, "i_am_cool6": 1, "itis__v": 12, "AbhiGodara": 17, "kawaiiii__": 3, "yongru": 10, "Neslysis": 1, "Nikita_1432": 22, "jais0_0": 1, "duba_duba": 5, "userunknow1": 3, "KingOfDevil002": 16, "__cutie__001": 3, "OG_Rics_X2": 2, "Angel99991": 15, "lala302_": 12, "Allah_ki_ma_ko_gapagap": 1, "PhilanthropistLonging": 3, "SHIVAM_00": 3, "OX_POISON_OX": 7, "Baes__": 80, "iLauv": 4, "_Sugar_Weapon_": 6, "UnventedStative": 1, "divyasa": 1, "UnaccompaniedQuaff": 9, "sA_njA_4": 33, "ll_bengali_girl_ayushi_ll": 8, "sonar_ufo": 1, "Daisy2761": 1, "_devil_rex": 3, "anamika73": 1, "RRRavi": 2, "0_love__0": 8, "abhishek_45": 4, "THAKUR_315": 1, "max2891": 186, "cherry_s5": 4, "its_sankarshan": 9, "_itzJess_": 1, "chari38": 14, "_DILL_AWAIZ_": 1, "__SAHIL____": 5, "depala77": 4, "AJBIRAJ": 2, "Creamy_.2": 14, "_ECLIPxE": 1, "_Nehu": 5, "Magician_00": 34, "__ATHER__": 22, "last_33": 1, "Aman69": 6, "etheral_snow": 5, "RoomTemp": 1, "thisuserisded": 3, "Momnahh_2": 3, "rockstarsitu": 1, "VillainessForesight": 3, "hannah3113": 1, "Ayaan_12367": 10, "OFF_SHUBH_11": 1, "__Amaan_": 35, "_.Mickeyy": 8, "mehru3": 3, "kimFatima4": 68, "UwU149": 1, "vibreee": 1, "money_94": 9, "abhay____": 2, "_am.priyu": 4, "_Ridhuu_": 8, "arsh786": 34, "lonely_girl12": 3, "aashish_oxo": 4, "reika12341": 1, "_ROHU_": 19, "6tx": 1, "Lisa_1_": 3, "Alice._.16": 20, "fgjipouym": 1, "Revanth2434": 12, "AcademiaFeud": 12, "MR.__.HARRY": 12, "__SONA__56": 14, "HBHamak96": 1, "your_baby.gurl": 3, "_iTz_viju": 5, "mathah33": 2, "behrad._ezi": 1, "Ti_ERROR._": 1, "FrostbiteSnorerskvnnkj": 1, "hancy2": 6, "killer_Queen15": 1, "mr._Nitin_03": 1, "RepetitionLikely": 1, "fossix": 1, "nothighforsure": 5, "henu_": 15, "sonu66": 5, "aj_is_infinite1": 1, "bigbang_rv": 12, "bunnygirl77": 4, "hancy3": 2, "Dharmveer_": 12, "SWITCHBLADE_XD": 13, "admin_rubik": 1, "pragtezzzz_567": 1, "Baaney": 6, "your_minu": 3, "Akash_bhatt": 10, "iDaemonX": 156, "Atul17": 2, "AyaMe_nuriZZ": 173, "husanpreets535": 6, "ANAYA_0_0": 2, "itz_razz": 36, "Rizzler_zane": 49, "Kry.sh": 2, "SABURI6": 1, "chota_raju": 5, "fafa._.7": 1, "_00_DEVIL_00": 10, "Dazzy_chan": 67, "_.Magic_peach": 1, "_Mickey___": 2, "sonam33": 1, "hsbfpf": 1, "kirirrzxc": 1, "Aanandi_raj_": 14, "_Anubisss": 3, "GlamorousTape": 9, "prachi123456": 7, "_Srisha_": 1, "ziadT1": 1, "ftm99": 3, "Rishav01": 16, "cherry._.pwetties": 5, "_HiDDEN_GiRL_": 1, "Farhan.0": 1, "who_arin": 1, "Prime_sohrab": 2, "Pekh1": 1, "sakshi_7": 1, "Moondaisie": 1, "Navaan": 3, "menoshh": 2, "Brijesh_rana": 1, "Lord.of.love": 1, "X_xMarinettex_X": 6, "its.shinegurl": 1, "its_your_baby1": 156, "Being_Ur_Hrudh": 7, "Pastel_cloud1": 1, "n1ntox": 1, "_BABY_.GIRL_": 1, "_rishiii": 1, "Clloe3": 1, "7_ioN": 4, "R1ES": 1, "xcynx": 1, "__Curious_": 2, "LifeScars": 2, "___ARKO___": 1, "L0.4": 1, "__CINDERELLA.__": 9, "who_am_i_143": 20, "bnrrr_": 57, "zoya_noor_khan": 22, "jisoo_kim_5225": 3, "HARAM_KA_PILLA": 1, "WillemStars": 1, "Pranaavv": 1, "_its_ur_cutie": 3, "amirhassan_": 1, "_preety._.charm": 3, "AsapTy": 1, "love_816": 4, "Zx._QUEEN": 4, "bero690": 1, "_jeon__kookie": 4, "OutflowJacket": 1, "AppleBottomJeansBootsWithTheFu": 1, "Mr_Jessie_pink": 1, "harmony_54": 1, "12.14.16.18": 1, "helloboyie": 1, "MALAF_K": 1, "Piyush_HAWK": 2, "Kalogera_sisters_": 1, "A_PRADHAN_07": 10, "DocumentaryRanch": 1, "FNUEvan": 1, "SRK.1M": 1, "Ay_eh": 1, "LittleMiss_BP": 1, "Denise_360_queen": 1, "winterscale": 1, "me_n_you1": 2, "maddi_ff": 8, "Xx_amit_xX": 1, "OctopusMoisten": 1, "queen_cutie8": 1, "isabellA123001": 2, "hadise_87_shz": 1, "S_A_N_J_U": 2, "Arash631": 1, "old_player__": 1, "LoomUnopposed": 3, "Beebabyy97": 1, "sweet_but_danger": 3, "Crystal_clara_523": 1, "Cutie_105": 4, "thebestbic": 1, "SinMarii": 2, "Barbara_Sue": 1, "Sanam_2": 4, "Pierson18": 6, "immortal_king_": 15, "cydfredo": 1, "black_man_01": 1, "Aru12321": 1, "IntermittentGhetto": 2, "sepehr.77": 1, "J_I_Y_A": 12, "0Shikari_Nara0": 1, "NOT.MHBA": 1, "A______________z": 1, "Hamoudi_9": 2, "piya992": 1, "chainedwolf1": 1, "its_cutie_08_": 1, "baap_hu_tera_": 6, "GABBAR6": 6, "Vishnu__": 3, "samrathya_8": 41, "jagmanpreet03": 1, "__sujaat_": 10, "The_Diamond_": 1, "teddy.1": 1, "itzz_sugar_": 20, "Jannat.himel": 5, "_moon_122": 4, "UnconcernHolly": 1, "sarkar_de_jawai": 1, "Sunio__7": 5, "nikki___97": 12, "vedu23": 1, "Liverpool_Mohamed_Salah": 1, "Pasur": 1, "V4SU_": 2, "sunset_daisy0": 3, "DELHIBOI": 3, "PRO_BANDAAA": 7, "lisa_jennie_52": 1, "kian_001": 1, "alone_k": 22, "90042": 3, "harry_78": 4, "tulip_10": 6, "flirty_0": 7, "cupid_01": 4, "bloody_intruder_": 1, "YujiItadori_": 1, "PolioEminence": 1, "Tyrese33": 1, "_tm__1": 1, "life_happend": 1, "itschamp_": 38, "Hero_8": 1, "FairyOReally": 1, "Imrxn_": 9, "SurreyContaminant": 2, "SAM0969": 1, "Dil_sandhu": 1, "resurecion": 1, "Muskan_NP": 3, "VINICK07": 1, "jasuu_": 4, "Pahalaps_Emma": 1, "kim_jisoo_4": 1, "k.cite": 1, "_ragini": 12, "daddyjasperr": 2, "IDRKD": 9, "alonegirl9x0": 2, "yogesh28": 1, "badd.iexx": 1, "8CY": 1, "IITheoIl": 4, "E.L.M.I.N.E": 1, "Princess52881": 6, "Sanchitaeora2": 1, "AnimeYN11": 2, "x_HITMAN_x": 2, "HO_X": 1, "Miras_devil": 1, "_Unseen_watcher_": 4, "smart_4": 1, "LUNAD11": 1, "RAPTORX": 1, "SAD___BOY_": 1, "MISS__MOON_": 7, "Elf_ie": 1, "KING_IBRAHIM": 2, "XManjiro_Sano": 1, "lovely_girl235": 2, "SATISH_9": 6, "Portgesd": 2, "Mrneko": 5, "_.Carrot._": 4, "bishal_sinha": 1, "jjyh_": 1, "Its_Yan_Gotti": 1, "aanastaxx": 1, "A7.5": 1, "Gothiccs": 1, "Jammy_Beans": 1, "ari_lilbaby": 1, "XRey_": 1, "Blakelynn1": 1, "GhostBile": 1, "Lily38922": 1, "kd.hontar": 1, "kika_lili": 2, "_V11": 1, "VAIBHAV_28": 1, "mbali__nhlapo__122": 9, "zubaiida": 3, "gggqr": 1, "itz_mahi_07": 2, "Lil_B.553": 1, "Adan71": 1, "Blossom_117": 2, "COOLTERRY33": 2, "Q7.M": 1, "__Jaadu__": 4, "khloe1332": 1, "manish_00": 2, "SpellingBrowbeat": 1, "Astha_47": 20, "o_Ivy_o": 62, "CoagulantCirculatory": 1, "_princee_41": 4, "liuvu": 1, "Anaya_kaur": 16, "LoamProtege": 3, "Hr_bot_123": 10, "saneha_": 25, "iam._.Diya": 10, "itz_suryansh_": 11, "RaMAnA__": 11, "tannu_3": 8, "_im.esha_": 2, "___DONT__CALL__ME__YOURS__": 3, "Bittersiaaa": 5, "SneakyBallyhoo": 17, "k.r.i.s.h.001": 2, "Cookey_": 2, "InhumaneResources": 1, "vinaa_": 1, "Della_7745": 2, "iCoraa": 1, "turi_23": 19, "RICH_MF": 1, "Ali___32": 6, "No_Name_h": 13, "babumaiya": 1, "SpeciesWhole": 2, "Mark.10": 43, "ukiyo.o": 1, "hlhcgjjj": 3, "_Dark_KAYA": 69, "GODFather777": 1, "SillinessFaddish": 1, "QuingMingg": 1, "I_STELLA_I": 1, "elisha._was.cool.then.you": 1, "darla_hale": 2, "mini__01": 5, "Puchki___": 1, "itzz_Marcia": 2, "ibbi_08": 10, "X_SHIZUKA_X": 13, "Angrykiddo_": 15, "rimshii": 3, "Lydia_007": 3, "Misty_351": 1, "ashugotnochill": 2, "MR_PREM140": 1, "Ellkaay": 1, "Memo1957": 1, "honey__bee6": 1, "_stellay_yawr": 2, "__ERORR___": 1, "elaio": 1, "toxi45": 2, "rath_33": 2, "_xlii.2": 1, "Deep_bharwad": 1, "Jagz2021": 2, "yallahmo": 1, "x910_i": 2, "QWE_100": 2, "Jt45": 2, "_unique__x": 4, "shizuka_143": 1, "Siddiqui_boy786": 14, "_sukha_": 1, "self_5": 1, "monster_0707": 11, "cutipie.angel": 12, "papaya_swirllll": 8, "Elite_taken": 4, "1TOMMY_SHELBY": 4, "deadrosesxo": 1, "Srishty_12": 1, "SpaceShooter": 1, "Prettyluhxhocolate": 1, "Meenu.89": 1, "X_alice420": 1, "DEVIL_ZEUS_SELLS": 6, "Dimmy4M": 2, "Shakti__": 1, "P_S_K": 3, "Malumbay": 4, "Ramaraja": 4, "X__JIYA__X": 2, "K.onnichiwa": 1, "free_shrek": 1, "ur_dad_ashu": 2, "Jellybelllyy": 6, "sam8678": 1, "saturnvyz": 1, "anslie_elfin": 2, "Vaishh1": 1, "its.me86": 3, "ITACHI__2": 1, "USER._NOT_FOUND": 2, "bhhffiuesjid": 1, "nobody__3": 3, "X_PIKHACHU": 9, "Viktoria_510": 1, "JCJoy": 1, "yurri_23": 1, "_.cintilante": 3, "just_mehh_": 1, "raphill": 2, "blue_loveo": 2, "i_am_mia": 5, "_ciin": 5, "sidhu_paji": 1, "__TANIA___": 11, "ArmadaBlase": 2, "SURGERY___": 1, "reem.1.xx": 1, "DAkSH18": 3, "bella__v": 2, "Devil_Cyan_312": 22, "Xx_Aru_xX": 10, "hmmmmm13": 2, "Carly_181": 1, "priz_x_": 1, "4YAN.__": 6, "UR.PANDA": 1, "Selfie01": 4, "UNKNOWN__PERSON7": 1, "Shovit17r": 2, "AMELIA_jay24": 1, "Toxic_alexx": 7, "yuvraj_16": 2, "_.POpo": 190, "Harshu__Pandit__08": 1, "N1ghtlif3": 1, "__NEON": 7, "K4TOO": 2, "Sana_1252": 3, "SavageGink": 2, "Its_me_moni_": 1, "NCP50": 1, "Pagal_insan_Xx": 2, "akhil70": 3, "darknight01": 4, "Lucifer259": 1, "sandipan__": 1, "_kins": 5, "_Neha_7": 3, "anshu_17": 3, "StarryVidipta": 1, "123honny": 1, "Mr.Jamees": 6, "StoriedPiping": 2, "Anonymous._____": 7, "Jemal29": 1, "namrita__": 11, "MJR14": 1, "shivay143_": 9, "DefianceSweep": 1, "yeah_its_nezuko": 1, "_.MUSTAFA": 10, "DiffusedLiaison": 2, "LOOTERA_89_PRIME": 60, "FATIMA_MALIK": 1, "NotReemy_": 16, "i_Vasu": 14, "HippieSkydr": 1, "Clonies": 2, "RihyaRave": 2, "nabiie24": 1, "B.a02": 1, "love__75": 3, "socio.56": 1, "ishu43": 2, "Suzuo_o": 1, "__.Jay.___": 2, "_xMagic": 1, "_tanu_tats_": 1, "PALAK_23": 2, "Nikku_HAWK": 2, "hEllOGooDnIgHt": 2, "Skylight38": 4, "G0J0_2": 1, "Hritik_3": 3, "Naiyuuu17": 16, "BasicalIy": 1, "Eva_luyi": 1, "its_me_sahil_": 7, "Tangledz": 2, "Mr.jawaan": 6, "BLUR_MOON": 2, "Xx_S.stha_xX": 1, "FordPester": 4, "RS_786": 1, "cupkissest1": 1, "BANTAIZ1": 1, "Bunny_p1": 1, "tanu_gurjar": 1, "Shiva_111": 2, "aiman_heer": 3, "Azza_warda": 2, "its_me_love2": 2, "BehindEmblem": 3, "insaneiac": 3, "CookhouseImitative": 2, "IntemperanceSlightly": 2, "a.fox_.pm": 5, "KABIR_69": 2, "Melodious_soul72": 1, "LiningReminder": 1, "sukhdhillon": 4, "Soniya34": 1, "ARYAN_07": 2, "Sonakshi_9": 2, "badboy982": 1, "MyoglobinAmalgamate": 4, "KAJU.u": 7, "ThrombocytopeniaMinoxidil": 2, "ZAMPA_____": 18, "Txsharrr": 1, "X_TARUN_901": 72, "moonlight23453": 14, "JASSY_7": 1, "_alishaaa__": 2, "jagxz": 1, "King_Mohit": 1, "Ami_amik": 1, "Catharine19": 1, "MR._ABHI": 4, "i_simmu._": 2, "Lisa_bee": 2, "M.KAFFI_AFRIDI": 3, "Vincenzo_5": 1, "bad_boy_89": 3, "radikaaa": 1, "ishiqa1": 1, "Gladiolily": 1, "_HEART_HACKER__": 2, "__Kritika_": 1, "ishu_batra": 2, "Suzume35": 2, "0_Yashi_0": 1, "arhan_3": 1, "xiler.emie": 1, "VIRAT_3": 2, "khushino1": 1, "MA0_MA0": 3, "_GRIM_REAPER_": 2, "nahwoahmi": 3, "DIV.1x": 17, "D_E_S_I_B_O_Y_S": 10, "its_Ronit": 1, "dxitadori_": 3, "arzoo110": 1, "Lisakook_104": 1, "meow_9211": 2, "LykanKnight": 2, "hey_Siphra_": 2, "Palak223": 1, "kimkiriti": 2, "night_s7": 2, "PAPA.13": 46, "Sachin123": 1, "diary.of.sam": 1, "ZAIRAAHH": 17, "dikhya2": 2, "VoidPrenuptial": 1, "RIYANA31": 5, "Aesthetic._.13": 1, "aaru_44411": 1, "zoya5621": 1, "Madhavi18": 59, "tamanna172007": 5, "FLX___": 2, "pari_52": 2, "MSfathima2": 3, "X__ASH": 4, "Shinzo45": 2, "_pie69": 2, "x_X_JAMES_X_x": 6, "Yamadao": 1, "_.Arene": 1, "SPIDER_GWEN_STACYY": 1, "FOXY_0.0": 3, "shewantskyre": 3, "game_addict": 1, "G_M123": 76, "emogirl5101": 1, "_tyzan_": 3, "Anslydia": 15, "_dives_": 7, "_ALONE.BOY_": 9, "lee_Jen": 3, "olive195": 2, "Brody63": 1, "nija_123": 14, "_Anna_99": 9, "Thaisa_R": 1, "Ig_YuChI_Chan": 4, "pari_62": 69, "Mani2002": 2, "jv_RUSSO_": 1, "6exi": 1, "taurus_7": 41, "cute_boy000": 7, "jin_ey": 1, "THE__FURY": 33, "X_XGRIZZLYX_X": 1, "fourofakind1": 1, "N0va007": 1, "MIT_1420": 1, "Rahulro": 1, "typeon": 1, "SanviSlays": 1, "Rohhhitt": 3, "romeo_dcrux": 1, "extension_999": 1, "Aki.II": 1, "SEA_SKY": 1, "Sabrina_camperter": 1, "itsmejasmine2": 8, "DregsUnderline": 1, "Who_am_I_143.2.0": 2, "Ashu.78": 10, "mf.khusii": 1, "_Glowing": 2, "Neeraj_": 3, "XPENSIVEE": 3, "SHAYAR_KING": 2, "__.Zampa.__": 1, "ITZ.ANYA_": 1, "Pgl_insan_Xx": 12, "XXCriminalFF": 1, "All_EyesOnMe": 1, "DJ.ZAMPA": 134, "khushi_r": 1, "karmmor": 1, "itz_me_SIFAT": 41, "y0sf": 1, "MainframeInfectious": 3, "kz31": 1, "aShiie_iie": 1, "Luo23": 1, "Darla_daisy": 1, "naina67_": 7, "shii___11": 3, "UR.DADY": 12, "Moonlight_xx2": 1, "just.sxbrina": 7, "tasnym15": 1, "Lonely103": 6, "tu_diablito61": 1, "bae.___": 10, "_royal_21": 3, "1LoVVe": 2, "its_misu__": 1, "shoab_akhtar178": 3, "Emmar_ix": 1, "bmyzth": 1, "NonexistentRegretful12312346": 1, "katelyn_ily": 1, "nevermind121": 3, "8t2": 1, "mirk_Keres": 2, "ruller960": 1, "cutedr": 2, "itz_king22": 4, "yennie_": 1, "KRN__": 7, "itsCL_": 1, "Rafaela_vem": 1, "I_SUKKU_": 1, "A_XE.L": 1, "Artin_27": 1, "sevda_12345": 1, "Zoe_Zinol": 28, "ravtk321": 27, "jessjess16": 1, "Ryan_055": 6, "_shinichi__satoru_": 1, "Sach1n": 1, "ur_daddy_no1": 2, "_ziqewai_": 1, "hosi15": 1, "X_RANJHA_X": 4, "Namste_bot1": 1, "T3._": 3, "unique_girl22": 1, "_little_butterfly_X": 1, "FooterExplication": 1, "belladolphin": 1, "honey_551": 1, "_Averill__": 2, "toxic_fry666": 1, "Iunamezzo": 1, "_Kiyoshi_Mello": 1, "AayushiPihu": 1, "iwqrah": 2, "MHOIT_RAJPUT": 2, "_ZINNNN_": 2, "Luffy_qwp": 1, "Adyu_2": 1, "X_BLOODLESS_X": 1, "Geralt__": 5, "tyzan": 11, "browneyes000": 2, "Asoonzo": 1, "Not_juvie07": 3, "alphy_07": 7, "alnxaent": 27, "makkhi2": 2, "_Mhii_": 1, "pagal_kaur": 3, "NEX_XT": 17, "Infinity_Girl_": 1, "4to.to": 5, "gumiho_7": 1, "Day_maker2": 2, "moonintheskyy_": 2, "zoro96226": 1, "0_J_M_0": 3, "MyashiP1": 1, "badmash2": 25, "Fenrir_wargod": 1, "x.Rue.xx": 1, "RIIYA18": 4, "ya_boy_K4": 2, "nikitabidl": 1, "baby_kim_sweet": 2, "Silentstorm2": 1, "Ducksu": 1, "ryuqww": 1, "r1ta_17_": 1, "Mahavir18": 1, "annavaa": 1, "0Psycho": 1, "FormulaicSport": 1, "Candyxl": 3, "b_a_b_l_i": 1, "faye__0": 1, "Dumbme_": 5, "Angel.200": 4, "luvsjeni": 1, "Anu_nymous": 5, "GlindaTheGoodWitch": 2, "zichamor": 1, "Nomi_R": 1, "Raynnexx22": 1, "_kittuu_": 2, "Golu21": 2, "Rocko91": 2, "Prerna_5": 1, "harsh234": 2, "jatt_zimmidar": 5, "awwgurll": 1, "cahat1": 1, "Abhi0414": 1, "Cozzy12": 2, "x__Oreo__x": 1, "MEI_LIEN": 2, "AKASH_mui": 9, "_i.sl.a_": 1, "king_aashish07": 1, "Travis15OT": 1, "delusional_me": 1, "kingavatar": 42, "goldsoul1": 1, "Naru._.to": 1, "_.LIGER._": 3, "riah76": 1, "I.am_puppy": 1, "wasimbhai289": 1, "Black_diamond11": 9, "Xo_HINATA": 1, "Maegunn": 1, "dady_23": 7, "Ricky991": 1, "LeQuack_": 1, "Jimmy_i8": 2, "lanaa75": 1, "Lemon454": 1, "Luis_Cobain": 2, "neeluz": 4, "demonic_tetties": 1, "_knoxx": 1, "Jannahhhhhhhhh": 4, "PresidioCarpool": 5, "H_A_N_U_M_A_N": 5, "Krisha001": 10, "Fwture": 1, "Al_prince_1": 1, "sweet_.ritika": 3, "Indian_bot2": 11, "___RAKA___": 2, "hiddenLE4F": 1, "SWEETBUTHARD": 9, "garry40": 2, "hahalovenow": 1, "its_max_29": 1, "radha_61": 5, "Dark2342": 1, "wthjarry": 6, "cherine23": 1, "DropboxOxide": 1, "ALON_BOY": 3, "mia_56783": 1, "Luna__231": 2, "MUTE_ASSASIN": 3, "kitoxxiii": 1, "Sexy_cookie_060": 1, "kim_shi1": 2, "chinnu_sh2": 5, "Karan_______": 1, "Irfaan": 1, "White_Puppy4414": 1, "wtfkammu": 2, "Nishi_18": 13, "adidas051": 1, "its_aaru__here_": 18, "zanibo": 18, "Lambardar001": 34, "the.wanderer": 2, "_Pikachu_15": 3, "StarryEcho": 1, "straxberry_": 1, "Enk910": 1, "_AYAAAN__": 2, "SugaredPrescription": 2, "StragglerUnstuffed": 2, "nil3oO": 1, "Toexy": 1, "Seylly": 1, "Sneha49": 1, "Sky6393": 1, "ImYourQueen_": 1, "VEXIlll": 1, "nature_beauty_": 2, "JINXX24": 2, "makima_2207": 10, "dumb.ankitt": 31, "ltaffy": 1, "Tim_Cook": 4, "harmanpreet_19": 9, "SeLenOp_hiLe": 19, "Butterfly3129": 1, "Daniel564": 2, "Asthetic_bunny": 1, "selena12340": 1, "beacondd": 1, "PartnershipInshore": 1, "BeachcomberPrefecture": 1, "hotcristeen": 1, "wtf_potato": 1, "rosegggg1": 1, "TYAGI2": 4, "MacroeconomistAftereffect": 1, "MR.RON007": 2, "Alesi.11": 1, "JANAN_7": 2, "KL_VENOM.___": 2, "aniiiiiiiiee": 5, "sh.adow02": 3, "firro1": 3, "_.1k": 2, "zamza_": 1, "_Esmeray__": 1, "ayan_pradhan": 100, "_Insecurity_": 3, "Unknown_056": 1, "Nritya____": 1, "Miss_stha": 1, "SunburstDesktop": 1, "Rossy3016": 1, "Blueeyedbrat2": 1, "_.Unkn0wn": 7, "Bestie_for_nine_Bestie_4932": 1, "_Acko_": 1, "sparkle0.0": 2, "sherya_67": 1, "whosantrais0_o": 2, "khan_m": 1, "_.Moon._light._": 60, "BANK__": 1, "___RazZ073": 1, "intothesky": 1, "Aamerz_72": 2, "Ehraaa_": 1, "Alex_Yumiko": 1, "SCott_143": 1, "Inimarrion": 1, "Shailja.kimkc": 5, "N__O__B__I__T__A": 2, "TasseledBovine": 1, "noah12363": 1, "X.x_varun_x.X": 5, "ChinoiserieSutler": 1, "don_hun": 4, "UnsavedIndefinite": 1, "bunny.kunoichi": 66, "duck.shinobi": 66, "Toxic_551": 1, "Oni_Saibogu": 3, "Izumi5.68": 1, "lovely12378": 2, "Li_Li_00": 1, "khaista_blue": 4, "dep__boy": 1, "0lil_baby0": 1, "chenise180": 1, "little_zenny": 1, "_wtf_is_raven_": 1, "Nmun2": 1, "Moon_pvt11": 2, "Mahdi5050____": 1, "yoyo_honey_": 1, "CalaMarieee": 1, "TramwayZinc": 3, "K1CKK": 7, "kishan20": 10, "GT_DHRUV_17": 2, "nllkiit": 3, "wmaniks": 1, "__margret__": 14, "Lillyblackros": 1, "AJAY_01": 1, "turi_24": 4, "WOLVERINE._": 8, "_LEO_88": 17, "barzanii11": 2, "Zeyn_3": 3, "quseyn": 1, "SlopQuizzical": 1, "PenlightHyperbole": 3, "_DaRk._.Side_": 2, "CrazySez": 2, "_Areeba_1234": 1, "raj_20": 1, "____phoebe_____": 1, "ur_devil7": 1, "lucky_swathi": 7, "karina_js09": 1, "Kyliesian": 1, "melodii333": 2, "LucasValentine": 1, "daazlle": 1, "aeruss": 1, "COBRA._BITE": 7, "honey_beb_": 11, "Dark_king_4": 2, "ur_mom95": 1, "C.h_livin": 1, "Blazedkaos": 1, "the.wandererr": 1, "Mochibaby_Ari": 1, "zamza__": 9, "kaylee_50": 1, "majhail_07": 1, "TOMMY_q": 1, "hello_k9": 1, "FossilUptick": 2, "Naughtyboy000": 1, "amir_262": 1, "Annie4_": 2, "Jhonyy00": 2, "_havoc_18_": 1, "__.MIM.__": 1, "_ash_aesthetic_": 7, "_beunique_": 14, "Hayan22": 4, "I_showSpeed_": 3, "_____SoN_____": 1, "Notusmoon_": 1, "kitty_alica": 1, "Sushant13": 1, "muuha.yu": 2, "dracos_wifee": 2, "_SHEERIN_": 4, "hanare_kakashi": 1, "_liz_20": 1, "A__Y__A__T__O": 4, "Angel_Ve": 1, "Riya_Sha1": 2, "Deida.T": 1, "Dailenis04": 1, "Sonic.z": 1, "tiki.vini": 1, "GenomicsBack": 1, "_call911": 1, "_BlackAngel__": 1, "chinnu21": 1, "Sofia2131": 3, "Stella_butterly": 1, "anuuxz": 1, "ci021": 1, "Rose_shin": 1, "SALMAAAN": 95, "Sukunmaredilka": 1, "____apry": 7, "glowstickssss": 1, "Tokio_Hotel71": 1, "Dino__3211": 2, "SocietyThinness": 1, "Mr.KS": 2, "Pallbearere": 1, "hopeORbroke": 1, "Dill_awaiz": 8, "rksbu5": 1, "virendraa": 7, "clis.y": 1, "wolfy1237092": 1, "Arylux": 1, "50.601": 2, "9haidd": 2, "sam6713": 1, "rxzyrad": 1, "arca_mood": 1, "Elvavaa": 1, "sra_vi": 1, "Lew77___": 1, "x_nobita.143": 7, "Alvena1111": 1, "sara_": 1, "BTSmeme": 1, "Huppi1": 1, "meeeee37": 1, "faka8": 1, "milkchocolate9": 1, "Mr__Sad": 1, "ime.n": 1, "RouladeMeander": 1, "seo_jin_and_leeminho_": 6, "InterfaithComplexion": 1, "cute_boy88": 1, "Svelte_": 1, "bxstard": 1, "Featuresuprb": 1, "h3ndo": 1, "h11ves": 1, "black_man_02": 3, "NadiasAI": 1, "chollete1": 3, "AAfhat": 1, "high_princess": 1, "who.nimra": 1, "Samrxt_": 1, "_Thomash": 13, "oyee_maxx": 6, "Furqan__": 2, "ANONYMOUSB0Y": 1, "Indian_Dj": 78, "shraddha_17": 2, "ImAmzing55": 1, "Mr_Flirty": 3, "Gojo_455": 2, "89.86.88": 1, "davil__Queen": 1, "_._Jisun_": 14, "MelodySeeker": 1, "chinu_pati_29_4": 10, "nothingiseasy": 1, "afnan_gazi": 1, "WildlifeCoaster": 1, "just_me_XoXo": 1, "mahan_2006": 1, "kinjal34": 2, "kaira141": 6, "Weiffa": 1, "Paradox_99": 1, "yukazxa_": 1, "KittyLemur": 1, "notyourkate1": 1, "Cute.Priyu": 1, "davincicode": 1, "lvmj12": 1, "Sa3d___": 1, "SEKO_KEKO": 2, "sunaina_01": 1, "Shoveleeee": 1, "baoku": 1, "__ANGLE___": 8, "shuvy_": 1, "Siya.00": 1, "NewspaperGood": 1, "Helen._0": 1, "zaid_hinode": 2, "akash0976": 9, "a_ayo105": 1, "mr__basu": 1, "lua_218": 1, "FloatplaneOnyx": 1, "AssistStrangely": 1, "DarkFate_": 1, "Nia.07": 2, "ZoyaSaiyed130": 1, "PB_SARKAR": 3, "AdiiXD7": 1, "Emma_luvpuppys": 1, "kiki_from_delhi": 1, "laTAE_7": 1, "DamienKrossX": 1, "_who_are_u_": 1, "haya_khan_": 8, "madd_iebby": 1, "Saddiiii": 1, "Mira1234_": 2, "X_Alina_X1": 1, "Freyita_": 1, "velvetsweeda": 1, "HR.Its": 1, "senorita745": 1, "ARTHURn": 1, "D5AD": 2, "jojouuuu": 1, "_.AaRu_._": 2, "Panika_M": 1, "SizingEndorse": 1, "sila_ki": 1, "Xx_Kratos_xX": 1, "Rin.o_o": 3, "Romeo17.12009": 1, "Gumer_Aicdskoqy": 1, "Ayub786": 1, "nathanis1": 1, "sanriobaby._": 1, "_Sm00th_": 1, "TheropodGlycogen": 4, "vanvan6": 6, "shailja___004": 1, "mataaz": 1, "Alone_boy28": 1, "maheshbabu": 11, "Itz.Sophia": 1, "UpAi2": 1, "Ketan_017": 1, "Herobrime": 1, "iaintcow": 1, "abhianvv_": 5, "_IndiansDj_": 6, "MaUmI2": 1, "ankit_7": 3, "Lina_llllll": 1, "Kim_min_soo13": 2, "Xena_13": 1, "Meh_208": 1, "jisko_": 2, "yurichaan7": 1, "badmosbadmos": 2, "catriliaecy_": 1, "mine_hasini2.o": 1, "__Shreya_._": 9, "qux1nn": 1, "ANTU.4k": 1, "iJexy": 1, "mr.shan": 1, "x_joOhn": 1, "your_cute_baby": 6, "Ms_rich1": 23, "sajju_707": 11, "Mr_Admiral_": 3, "PaUmI232": 1, "Fhurbby": 1, "tff.sunky": 2, "weefarh1": 1, "nylah_baba": 1, "Captian_luffy": 1, "Cathastrophe": 1, "FARAZ_KHAN": 7, "Hailz16": 1, "Antonio297": 1, "the_cool_of_cools": 1, "ismart_demon": 1, "Bluebell_07": 1, "fuzzy126": 1, "Aaditya_Aaddie": 1, "DemonicBoss": 1, "__KGF__": 1, "papapig005": 1, "r1oi_": 1, "JaxsonsNieNie": 2, "SISCI__": 1, "FreshetRestoration": 1, "innocent_king_x1": 16, "_Devil_God_": 4, "Jannat_HiMi": 1, "littledice": 1, "I.S.H.H": 3, "juvi_fatima": 4, "_Ahvi_": 1, "Mr_Falcon": 1, "Isabel._.0": 1, "Yura_XXX": 1, "bisexual_kitty_": 1, "UltramarineThwarting": 1, "BTS.rafi": 1, "RemittanceAppear": 1, "I2R_": 1, "BAD_CAPTAIN_01": 5, "x_sweetdoll_x": 1, "Al_Dude": 1, "MorphologyStickpin": 3, "Rko123": 2, "TopsoilGavel": 1, "tatalucu": 1, "Royal_bro": 1, "RD_king_23": 1, "_Vuu_": 1, "PRECI0US._.Diamond": 1, "__luffyXzoro__": 1, "Irfan01king": 3, "pisces._": 1, "du_19": 1, "oldskool2": 1, "queenharlena3": 1, "Andy_osgar": 1, "damnjules11": 1, "___.BROKEN.___": 1, "merilailashifu": 4, "Skincare3": 1, "BAVA.32": 41, "0___ever___0": 1, "yoursaditya": 2, "circleop": 3, "Charleyread": 1, "khalnayakhe": 3, "modichodii": 4, "halkemeleria": 3, "daud_ibraahim": 6, "lisa_kook103": 1, "PlotterUnbelted": 3, "lisasa15": 1, "__MOHIT__": 34, "predicts": 1, "janat.ka.bap.bhdvam": 3, "RAKESH_777": 7, "X_xAdrienx_X": 5, "knza_shah": 4, "buseww1_": 1, "dohaeyi": 3, "missbae_": 1, "_Anakin": 8, "not.huxyyy": 2, "VAISH_HAS_CASH": 1, "zenexil_": 1, "_TEESH_": 4, "FrogBoye": 1, "Casketx": 1, "Cinderbella_": 2, "Tushar_HAWK": 1, "Serene_88": 4, "Nezu_33": 3, "SassyBear_": 1, "iToa": 1, "_.hareem": 5, "UnpackMalabsorption": 2, "Mr_Gojo": 1, "ROHIT65": 1, "vacily": 1, "_.Mickey_": 2, "i_lily_": 1, "MenStayAway": 1, "Pinni_4": 2, "ginni_45": 4, "MAVA.32": 6, "N13004": 1, "happyluck628": 1, "StarBurst420x": 1, "kartik89": 3, "AliciaCat420": 1, "Aishu002": 1, "ABHIRAJSINGH7": 1, "killer_boy4": 1, "loverforyou1": 3, "suhani30": 1, "MohawkFactorization": 1, "_NoTYoUrTyPe._": 2, "xx_Zero_": 1, "HankEndurance": 1, "papaya__swirllll": 2, "sSMilanaSs": 1, "Babar__khan": 1, "akhile._.sh": 2, "__baby_tiger__": 1, "AriannaD_": 1, "Nate250": 1, "cup_cake17": 1, "little_dog1": 1, "_Fake_.Love": 11, "VibrantVibe": 1, "shirin_sho": 2, "sahil_khan4": 5, "exonerat3d": 1, "prem36": 1, "Sanu99": 2, "isaahaac": 2, "Z4REEN": 2, "__yukii.__": 3, "ITZ_KARTIK_": 1, "shoumya_": 3, "FIRE_girl_FFyx": 1, "T3ii": 1, "Cielxvx": 1, "A.P0": 2, "Aseforee": 1, "_mehak__": 2, "LabileCliff": 2, "f2jet": 1, "Backchad_baba": 1, "Daddy_Skull": 1, "itz_swar": 1, "slasher18": 1, "LuC1FeR1": 2, "Anirudh008": 2, "Sodamide": 2, "X_X_Amane": 2, "kiira_70": 1, "Gabru_oO": 1, "_JusT_SaM_": 1, "Babyspyder": 1, "ResistorPalette": 2, "Cute.3B": 1, "sharplyeyesigh": 3, "mohammedk5": 1, "kritu.2": 1, "Nikita_887": 1, "88.875": 1, "_couger_": 1, "MOON_.78": 1, "Aradhya12344": 6, "SunShine_88": 2, "__KRISHNA__": 1, "mumbai1234": 1, "ur_dad_01": 1, "purvi_01": 1, "your_dad_01": 1, "pagal_14": 1, "SHADOW.K.NIGHT": 4, "OgPiXeL._": 1, "asus30": 1, "ItsVoiD_": 1, "De_nn_y461": 1, "H_I_R_O": 1, "whatisup182": 1, "black_pink_090": 1, "Atusa_69": 1, "shine710": 1, "_urfav.janviii": 1, "Moon_star_01": 1, "Dharkann": 4, "_kiing__": 1, "__MYZA__": 3, "its_king99": 2, "LAZY._.YY": 6, "wandererrr": 4, "R_3_X": 1, "raha.ooo": 1, "SMILLYAJU": 1, "___Millie_": 1, "Yashuu_09": 2, "_Krishna_0": 1, "WarriorFan": 1, "MAJOR117": 1, "Aphrodite6__": 3, "vanshi02": 1, "whois__": 1, "NamakKaPani": 2, "LAUDA_MANN": 2, "_yours_only__": 1, "oldskool3": 3, "lilimyu.yy": 1, "ehhegeheh": 1, "sweetgerina": 5, "FingerPointing": 1, "bogiee_": 1, "_abhimanyu_": 2, "HIGHRISE_ENR": 15, "MR._.HEMRY": 1, "happy_82": 1, "_Lucifer_05": 3, "_D_O_I_I_Y_": 2, "iDistro": 1, "Avinaaaajt": 1, "Maddie23146": 1, "CPERMA_BOBRA": 1, "Boric2": 1, "Divine_a1": 1, "Shit_happense": 1, "Rashmi_xD": 1, "_MVTI_": 1, "silent_queen2": 3, "ellie_mbylookingforabf_": 1, "Aisha_50": 1, "_shubh": 2, "Itz._Nobita": 1, "iiVx0": 1, "lana._.11": 1, "lnabrown": 2, "Kamu356": 1, "_Sanjay12": 1, "NIRUTO_01": 3, "2__Devil__2": 1, "AdviseeLeaden": 1, "AryanSp8": 1}